"Sample.ID","Site","cpmp_allele_1","cpmp_allele_2","cpmp_allele_3","cpmp_allele_4","cpmp_allele_5","cpp_allele_1","cpp_allele_2","cpp_allele_3","cpp_allele_4","amaD3_allele_1","amaD3_allele_2","amaD3_allele_3","amaD3_allele_4","amaD3_allele_5","amaD3_allele_6","Patient.ID","Number_Matches","Number_Loci_Compared","cpmp","cpp","amaD3","Probability","N_Comparable_Loci"
"1 Day 0",1,"cpmp-1",NA,NA,NA,NA,"cpp-1",NA,NA,NA,"ama1-D3-1",NA,NA,NA,NA,NA,"1",3,3,"R","R","R",1,3
"1 Day Failure",1,"cpmp-1",NA,NA,NA,NA,"cpp-1",NA,NA,NA,"ama1-D3-1",NA,NA,NA,NA,NA,"1",3,3,"R","R","R",1,3
"10 Day 0",1,"cpmp-24",NA,NA,NA,NA,"cpp-14",NA,NA,NA,"ama1-D3-12",NA,NA,NA,NA,NA,"10",3,3,"R","R","R",1,3
"10 Day Failure",1,"cpmp-24",NA,NA,NA,NA,"cpp-14",NA,NA,NA,"ama1-D3-12",NA,NA,NA,NA,NA,"10",3,3,"R","R","R",1,3
"11 Day 0",1,"cpmp-25",NA,NA,NA,NA,"cpp-11",NA,NA,NA,"ama1-D3-28",NA,NA,NA,NA,NA,"11",3,3,"R","R","R",1,3
"11 Day Failure",1,"cpmp-25",NA,NA,NA,NA,"cpp-11",NA,NA,NA,"ama1-D3-28",NA,NA,NA,NA,NA,"11",3,3,"R","R","R",1,3
"12 Day 0",1,"cpmp-28","cpmp-29",NA,NA,NA,"cpp-14","cpp-16",NA,NA,"ama1-D3-30","ama1-D3-31","ama1-D3-32","ama1-D3-33","ama1-D3-4",NA,"12",3,3,"R","R","R",0.156666666666667,3
"12 Day Failure",1,"cpmp-28","cpmp-29","cpmp-31",NA,NA,"cpp-16",NA,NA,NA,"ama1-D3-1","ama1-D3-30","ama1-D3-32","ama1-D3-33","ama1-D3-4",NA,"12",3,3,"R","R","R",0.156666666666667,3
"13 Day 0",1,"cpmp-35","cpmp-36",NA,NA,NA,"cpp-11","cpp-33",NA,NA,"ama1-D3-35","ama1-D3-36",NA,NA,NA,NA,"13",3,3,"R","R","R",1,3
"13 Day Failure",1,"cpmp-35","cpmp-36",NA,NA,NA,"cpp-11","cpp-33",NA,NA,"ama1-D3-35","ama1-D3-36",NA,NA,NA,NA,"13",3,3,"R","R","R",1,3
"14 Day 0",1,"cpmp-37","cpmp-8",NA,NA,NA,"cpp-13","cpp-28",NA,NA,"ama1-D3-1","ama1-D3-36",NA,NA,NA,NA,"14",3,3,"R","R","R",0.726666666666667,3
"14 Day Failure",1,"cpmp-8",NA,NA,NA,NA,"cpp-13",NA,NA,NA,"ama1-D3-36",NA,NA,NA,NA,NA,"14",3,3,"R","R","R",0.726666666666667,3
"15 Day 0",1,"cpmp-40",NA,NA,NA,NA,"cpp-21",NA,NA,NA,"ama1-D3-1",NA,NA,NA,NA,NA,"15",0,3,"NI","NI","NI",0,3
"15 Day Failure",1,"cpmp-10","cpmp-33",NA,NA,NA,"cpp-31",NA,NA,NA,"ama1-D3-31","ama1-D3-35","ama1-D3-5","ama1-D3-65",NA,NA,"15",0,3,"NI","NI","NI",0,3
"16 Day 0",1,"cpmp-41",NA,NA,NA,NA,"cpp-24",NA,NA,NA,"ama1-D3-43",NA,NA,NA,NA,NA,"16",3,3,"R","R","R",1,3
"16 Day Failure",1,"cpmp-41",NA,NA,NA,NA,"cpp-24",NA,NA,NA,"ama1-D3-43",NA,NA,NA,NA,NA,"16",3,3,"R","R","R",1,3
"17 Day 0",1,"cpmp-20",NA,NA,NA,NA,"cpp-32",NA,NA,NA,"ama1-D3-43",NA,NA,NA,NA,NA,"17",3,3,"R","R","R",1,3
"17 Day Failure",1,"cpmp-20",NA,NA,NA,NA,"cpp-32",NA,NA,NA,"ama1-D3-43",NA,NA,NA,NA,NA,"17",3,3,"R","R","R",1,3
"18 Day 0",1,"cpmp-17","cpmp-42",NA,NA,NA,"cpp-33",NA,NA,NA,"ama1-D3-35",NA,NA,NA,NA,NA,"18",0,3,"NI","NI","NI",0,3
"18 Day Failure",1,"cpmp-28","cpmp-40","cpmp-69",NA,NA,"cpp-10","cpp-23","cpp-39",NA,"ama1-D3-36","ama1-D3-48","ama1-D3-66","ama1-D3-67",NA,NA,"18",0,3,"NI","NI","NI",0,3
"19 Day 0",1,"cpmp-17","cpmp-27",NA,NA,NA,"cpp-13","cpp-25","cpp-36",NA,"ama1-D3-34","ama1-D3-36",NA,NA,NA,NA,"19",3,3,"R","R","R",0.533333333333333,3
"19 Day Failure",1,"cpmp-27",NA,NA,NA,NA,"cpp-25",NA,NA,NA,"ama1-D3-34",NA,NA,NA,NA,NA,"19",3,3,"R","R","R",0.533333333333333,3
"2 Day 0",1,"cpmp-3","cpmp-4",NA,NA,NA,"cpp-2","cpp-3",NA,NA,"ama1-D3-4","ama1-D3-5",NA,NA,NA,NA,"2",3,3,"R","R","R",0.0733333333333333,3
"2 Day Failure",1,"cpmp-26","cpmp-3",NA,NA,NA,"cpp-2","cpp-43",NA,NA,"ama1-D3-16","ama1-D3-4",NA,NA,NA,NA,"2",3,3,"R","R","R",0.0733333333333333,3
"20 Day 0",1,"cpmp-42",NA,NA,NA,NA,"cpp-13",NA,NA,NA,"ama1-D3-12",NA,NA,NA,NA,NA,"20",0,3,"NI","NI","NI",0,3
"20 Day Failure",1,"cpmp-22",NA,NA,NA,NA,"cpp-10",NA,NA,NA,"ama1-D3-17",NA,NA,NA,NA,NA,"20",0,3,"NI","NI","NI",0,3
"3 Day 0",1,"cpmp-8",NA,NA,NA,NA,"cpp-4",NA,NA,NA,"ama1-D3-10",NA,NA,NA,NA,NA,"3",3,3,"R","R","R",1,3
"3 Day Failure",1,"cpmp-8",NA,NA,NA,NA,"cpp-4",NA,NA,NA,"ama1-D3-10",NA,NA,NA,NA,NA,"3",3,3,"R","R","R",1,3
"4 Day 0",1,"cpmp-10","cpmp-11","cpmp-12","cpmp-13","cpmp-7","cpp-10","cpp-7","cpp-8","cpp-9","ama1-D3-1","ama1-D3-12","ama1-D3-13","ama1-D3-14","ama1-D3-15","ama1-D3-6","4",3,3,"R","R","R",0.256666666666667,3
"4 Day Failure",1,"cpmp-12","cpmp-7",NA,NA,NA,"cpp-7",NA,NA,NA,"ama1-D3-1","ama1-D3-14","ama1-D3-6",NA,NA,NA,"4",3,3,"R","R","R",0.256666666666667,3
"5 Day 0",1,"cpmp-16",NA,NA,NA,NA,"cpp-3",NA,NA,NA,"ama1-D3-19",NA,NA,NA,NA,NA,"5",3,3,"R","R","R",1,3
"5 Day Failure",1,"cpmp-16",NA,NA,NA,NA,"cpp-3",NA,NA,NA,"ama1-D3-19",NA,NA,NA,NA,NA,"5",3,3,"R","R","R",1,3
"6 Day 0",1,"cpmp-17","cpmp-18",NA,NA,NA,"cpp-18",NA,NA,NA,"ama1-D3-21",NA,NA,NA,NA,NA,"6",0,3,"NI","NI","NI",0,3
"6 Day Failure",1,"cpmp-64",NA,NA,NA,NA,"cpp-13",NA,NA,NA,"ama1-D3-58",NA,NA,NA,NA,NA,"6",0,3,"NI","NI","NI",0,3
"7 Day 0",1,"cpmp-18",NA,NA,NA,NA,"cpp-24",NA,NA,NA,"ama1-D3-25",NA,NA,NA,NA,NA,"7",3,3,"R","R","R",1,3
"7 Day Failure",1,"cpmp-18",NA,NA,NA,NA,"cpp-24",NA,NA,NA,"ama1-D3-25",NA,NA,NA,NA,NA,"7",3,3,"R","R","R",1,3
"8 Day 0",1,"cpmp-21",NA,NA,NA,NA,"cpp-13",NA,NA,NA,"ama1-D3-15",NA,NA,NA,NA,NA,"8",3,3,"R","R","R",1,3
"8 Day Failure",1,"cpmp-21",NA,NA,NA,NA,"cpp-13",NA,NA,NA,"ama1-D3-15",NA,NA,NA,NA,NA,"8",3,3,"R","R","R",1,3
"9 Day 0",1,"cpmp-2",NA,NA,NA,NA,"cpp-26",NA,NA,NA,"ama1-D3-1","ama1-D3-15",NA,NA,NA,NA,"9",3,3,"R","R","R",0.763333333333333,3
"9 Day Failure",1,"cpmp-2",NA,NA,NA,NA,"cpp-26",NA,NA,NA,"ama1-D3-1","ama1-D3-15",NA,NA,NA,NA,"9",3,3,"R","R","R",0.763333333333333,3
