"Sample.ID","Site","313_1","313_2","313_3","383_1","383_2","383_3","TA1_1","TA1_2","TA1_3","TA1_4","TA1_5","POLYA_1","POLYA_2","POLYA_3","POLYA_4","PFPK2_1","PFPK2_2","PFPK2_3","PFPK2_4","PFPK2_5","2490_1","2490_2","2490_3","TA109_1","TA109_2","TA109_3","TA109_4","TA109_5","Patient.ID","Number_Matches","Number_Loci_Compared","313","383","TA1","POLYA","PFPK2","2490","TA109","Probability","N_Comparable_Loci"
"BD21-002 Day 0","Benguela",248,NA,NA,133,NA,NA,174,NA,NA,NA,NA,153,NA,NA,NA,159,NA,NA,NA,NA,78,NA,NA,172,NA,NA,NA,NA,"BD21-002",3,7,"R","NI","R","NI","NI","R","NI",0,7
"BD21-002 Day Failure","Benguela",246,NA,NA,123,NA,NA,177,NA,NA,NA,NA,105,NA,NA,NA,183,NA,NA,NA,NA,81,NA,NA,184,NA,NA,NA,NA,"BD21-002",3,7,"R","NI","R","NI","NI","R","NI",0,7
"BD21-040 Day 0","Benguela",230,NA,NA,137,NA,NA,162,NA,NA,NA,NA,159,NA,NA,NA,162,171,NA,NA,NA,81,NA,NA,160,NA,NA,NA,NA,"BD21-040",1,7,"NI","NI","NI","R","NI","NI","NI",0,7
"BD21-040 Day Failure","Benguela",222,NA,NA,123,NA,NA,171,NA,NA,NA,NA,159,NA,NA,NA,183,NA,NA,NA,NA,72,NA,NA,178,NA,NA,NA,NA,"BD21-040",1,7,"NI","NI","NI","R","NI","NI","NI",0,7
"BD21-041 Day 0","Benguela",238,NA,NA,123,139,NA,177,NA,NA,NA,NA,162,165,NA,NA,168,171,NA,NA,NA,81,NA,NA,184,NA,NA,NA,NA,"BD21-041",7,7,"R","R","R","R","R","R","R",1,7
"BD21-041 Day Failure","Benguela",238,NA,NA,123,141,NA,177,NA,NA,NA,NA,162,165,NA,NA,168,171,NA,NA,NA,81,NA,NA,184,NA,NA,NA,NA,"BD21-041",7,7,"R","R","R","R","R","R","R",1,7
"BD21-053 Day 0","Benguela",210,NA,NA,123,129,NA,165,168,177,183,NA,153,165,NA,NA,162,168,180,NA,NA,75,78,81,160,NA,NA,NA,NA,"BD21-053",2,5,"NI","R","IND","NI","R","IND","NI",0.583333333333333,5
"BD21-053 Day Failure","Benguela",218,NA,NA,129,NA,NA,NA,NA,NA,NA,NA,129,138,NA,NA,168,NA,NA,NA,NA,NA,NA,NA,124,184,196,199,NA,"BD21-053",2,5,"NI","R","IND","NI","R","IND","NI",0.583333333333333,5
"BD21-075 Day 0","Benguela",220,NA,NA,145,NA,NA,162,NA,NA,NA,NA,138,NA,NA,NA,180,NA,NA,NA,NA,81,NA,NA,172,NA,NA,NA,NA,"BD21-075",2,7,"NI","NI","NI","NI","NI","R","R",0,7
"BD21-075 Day Failure","Benguela",236,NA,NA,141,NA,NA,171,NA,NA,NA,NA,165,NA,NA,NA,159,NA,NA,NA,NA,81,NA,NA,175,NA,NA,NA,NA,"BD21-075",2,7,"NI","NI","NI","NI","NI","R","R",0,7
"BD21-099 Day 0","Benguela",208,NA,NA,99,131,NA,162,174,NA,NA,NA,156,NA,NA,NA,165,168,177,NA,NA,72,81,NA,124,160,NA,NA,NA,"BD21-099",3,7,"NI","NI","NI","R","NI","R","R",0,7
"BD21-099 Day Failure","Benguela",230,NA,NA,151,NA,NA,168,NA,NA,NA,NA,156,NA,NA,NA,183,NA,NA,NA,NA,81,NA,NA,163,NA,NA,NA,NA,"BD21-099",3,7,"NI","NI","NI","R","NI","R","R",0,7
"BP21-233 Day 0","Benguela",226,NA,NA,139,NA,NA,174,192,NA,NA,NA,156,168,NA,NA,159,162,177,NA,NA,72,81,NA,172,175,NA,NA,NA,"BP21-233",2,7,"R","NI","NI","NI","R","NI","NI",0,7
"BP21-233 Day Failure","Benguela",226,NA,NA,155,NA,NA,165,NA,NA,NA,NA,180,NA,NA,NA,177,NA,NA,NA,NA,93,NA,NA,163,NA,NA,NA,NA,"BP21-233",2,7,"R","NI","NI","NI","R","NI","NI",0,7
"BP21-237 Day 0","Benguela",232,NA,NA,135,NA,NA,153,NA,NA,NA,NA,162,NA,NA,NA,168,NA,NA,NA,NA,81,NA,NA,199,NA,NA,NA,NA,"BP21-237",4,7,"NI","R","NI","R","R","R","NI",0,7
"BP21-237 Day Failure","Benguela",218,240,NA,123,133,NA,168,174,NA,NA,NA,150,159,NA,NA,156,168,171,NA,NA,78,81,NA,163,175,NA,NA,NA,"BP21-237",4,7,"NI","R","NI","R","R","R","NI",0,7
"BP21-238 Day 0","Benguela",232,NA,NA,137,NA,NA,153,NA,NA,NA,NA,165,NA,NA,NA,168,NA,NA,NA,NA,81,NA,NA,196,NA,NA,NA,NA,"BP21-238",3,5,"IND","NI","IND","NI","R","R","R",0,5
"BP21-238 Day Failure","Benguela",NA,NA,NA,147,NA,NA,NA,NA,NA,NA,NA,141,285,NA,NA,168,NA,NA,NA,NA,81,NA,NA,124,199,NA,NA,NA,"BP21-238",3,5,"IND","NI","IND","NI","R","R","R",0,5
"BP21-240 Day 0","Benguela",248,NA,NA,123,NA,NA,201,NA,NA,NA,NA,153,NA,NA,NA,159,NA,NA,NA,NA,72,NA,NA,163,NA,NA,NA,NA,"BP21-240",2,7,"NI","NI","NI","R","NI","R","NI",0,7
"BP21-240 Day Failure","Benguela",220,NA,NA,143,NA,NA,162,NA,NA,NA,NA,153,NA,NA,NA,165,NA,NA,NA,NA,72,NA,NA,124,175,199,NA,NA,"BP21-240",2,7,"NI","NI","NI","R","NI","R","NI",0,7
"BP21-241 Day 0","Benguela",232,NA,NA,135,NA,NA,153,NA,NA,NA,NA,162,NA,NA,NA,168,NA,NA,NA,NA,81,NA,NA,196,NA,NA,NA,NA,"BP21-241",2,7,"NI","NI","NI","NI","R","NI","R",0,7
"BP21-241 Day Failure","Benguela",222,226,NA,141,NA,NA,174,177,NA,NA,NA,153,156,213,NA,165,168,NA,NA,NA,72,NA,NA,124,148,160,199,NA,"BP21-241",2,7,"NI","NI","NI","NI","R","NI","R",0,7
"BP21-243 Day 0","Benguela",264,NA,NA,123,NA,NA,168,NA,NA,NA,NA,165,NA,NA,NA,177,NA,NA,NA,NA,81,NA,NA,175,NA,NA,NA,NA,"BP21-243",1,7,"NI","R","NI","NI","NI","NI","NI",0,7
"BP21-243 Day Failure","Benguela",244,NA,NA,123,NA,NA,186,NA,NA,NA,NA,153,NA,NA,NA,162,NA,NA,NA,NA,75,NA,NA,157,160,NA,NA,NA,"BP21-243",1,7,"NI","R","NI","NI","NI","NI","NI",0,7
"BP21-245 Day 0","Benguela",226,NA,NA,125,NA,NA,159,NA,NA,NA,NA,159,177,NA,NA,171,177,186,NA,NA,81,NA,NA,160,175,NA,NA,NA,"BP21-245",1,4,"NI","IND","NI","IND","NI","IND","R",0.06,4
"BP21-245 Day Failure","Benguela",218,NA,NA,NA,NA,NA,141,NA,NA,NA,NA,NA,NA,NA,NA,216,NA,NA,NA,NA,NA,NA,NA,124,157,199,NA,NA,"BP21-245",1,4,"NI","IND","NI","IND","NI","IND","R",0.06,4
"BP21-273 Day 0","Benguela",240,NA,NA,123,NA,NA,171,NA,NA,NA,NA,174,NA,NA,NA,171,NA,NA,NA,NA,81,NA,NA,160,NA,NA,NA,NA,"BP21-273",3,7,"NI","R","NI","NI","R","R","NI",0,7
"BP21-273 Day Failure","Benguela",250,254,264,123,NA,NA,141,162,NA,NA,NA,165,315,NA,NA,168,186,NA,NA,NA,81,NA,NA,124,172,184,199,211,"BP21-273",3,7,"NI","R","NI","NI","R","R","NI",0,7
"BP21-274 Day 0","Benguela",240,NA,NA,123,NA,NA,171,NA,NA,NA,NA,174,NA,NA,NA,171,NA,NA,NA,NA,81,NA,NA,160,NA,NA,NA,NA,"BP21-274",4,7,"NI","NI","R","NI","R","R","R",0,7
"BP21-274 Day Failure","Benguela",228,NA,NA,141,NA,NA,171,NA,NA,NA,NA,144,153,NA,NA,168,NA,NA,NA,NA,81,NA,NA,163,NA,NA,NA,NA,"BP21-274",4,7,"NI","NI","R","NI","R","R","R",0,7
"BP21-280 Day 0","Benguela",238,NA,NA,141,NA,NA,165,NA,NA,NA,NA,153,NA,NA,NA,162,171,204,NA,NA,81,NA,NA,172,175,184,187,NA,"BP21-280",4,7,"NI","NI","NI","R","R","R","R",0.16,7
"BP21-280 Day Failure","Benguela",220,NA,NA,131,NA,NA,174,180,NA,NA,NA,144,150,NA,NA,168,NA,NA,NA,NA,72,81,NA,160,172,NA,NA,NA,"BP21-280",4,7,"NI","NI","NI","R","R","R","R",0.16,7
"BP21-281 Day 0","Benguela",238,NA,NA,127,NA,NA,174,NA,NA,NA,NA,156,NA,NA,NA,168,NA,NA,NA,NA,81,NA,NA,175,NA,NA,NA,NA,"BP21-281",3,7,"NI","NI","NI","R","R","R","NI",0,7
"BP21-281 Day Failure","Benguela",230,NA,NA,139,NA,NA,159,183,NA,NA,NA,153,159,NA,NA,171,NA,NA,NA,NA,72,81,NA,154,160,NA,NA,NA,"BP21-281",3,7,"NI","NI","NI","R","R","R","NI",0,7
"BP21-294 Day 0","Benguela",230,NA,NA,137,NA,NA,165,NA,NA,NA,NA,150,NA,NA,NA,159,NA,NA,NA,NA,81,NA,NA,175,NA,NA,NA,NA,"BP21-294",2,7,"NI","NI","NI","NI","R","R","NI",0,7
"BP21-294 Day Failure","Benguela",242,254,NA,143,NA,NA,177,NA,NA,NA,NA,156,162,NA,NA,162,168,NA,NA,NA,81,NA,NA,133,160,NA,NA,NA,"BP21-294",2,7,"NI","NI","NI","NI","R","R","NI",0,7
"BP21-303 Day 0","Benguela",242,NA,NA,147,NA,NA,162,NA,NA,NA,NA,150,NA,NA,NA,201,NA,NA,NA,NA,81,NA,NA,166,NA,NA,NA,NA,"BP21-303",3,7,"NI","NI","R","NI","NI","R","R",0,7
"BP21-303 Day Failure","Benguela",272,NA,NA,123,NA,NA,165,NA,NA,NA,NA,162,NA,NA,NA,171,NA,NA,NA,NA,81,NA,NA,163,NA,NA,NA,NA,"BP21-303",3,7,"NI","NI","R","NI","NI","R","R",0,7
"LL21-008 Day 0","Lunda Sul",230,252,NA,139,NA,NA,165,NA,NA,NA,NA,147,NA,NA,NA,177,NA,NA,NA,NA,78,NA,NA,187,NA,NA,NA,NA,"LL21-008",1,7,"NI","NI","NI","NI","NI","NI","R",0,7
"LL21-008 Day Failure","Lunda Sul",242,NA,NA,149,NA,NA,141,159,NA,NA,NA,111,156,351,NA,150,NA,NA,NA,NA,72,NA,NA,124,133,184,199,NA,"LL21-008",1,7,"NI","NI","NI","NI","NI","NI","R",0,7
"LL21-010 Day 0","Lunda Sul",256,NA,NA,123,NA,NA,171,NA,NA,NA,NA,159,NA,NA,NA,183,NA,NA,NA,NA,75,NA,NA,187,NA,NA,NA,NA,"LL21-010",6,7,"NI","R","R","R","R","R","R",0.793333333333333,7
"LL21-010 Day Failure","Lunda Sul",246,284,NA,123,NA,NA,171,NA,NA,NA,NA,111,159,NA,NA,183,NA,NA,NA,NA,72,NA,NA,124,187,199,NA,NA,"LL21-010",6,7,"NI","R","R","R","R","R","R",0.793333333333333,7
"LL21-027 Day 0","Lunda Sul",218,224,238,123,137,NA,174,NA,NA,NA,NA,141,156,165,NA,165,171,NA,NA,NA,78,81,NA,166,178,NA,NA,NA,"LL21-027",0,2,"IND","NI","IND","IND","IND","IND","NI",0.01,2
"LL21-027 Day Failure","Lunda Sul",NA,NA,NA,181,NA,NA,NA,NA,NA,NA,NA,NA,NA,NA,NA,NA,NA,NA,NA,NA,NA,NA,NA,199,NA,NA,NA,NA,"LL21-027",0,2,"IND","NI","IND","IND","IND","IND","NI",0.01,2
"LL21-037 Day 0","Lunda Sul",236,NA,NA,123,NA,NA,159,192,NA,NA,NA,150,NA,NA,NA,171,189,NA,NA,NA,81,NA,NA,160,163,175,NA,NA,"LL21-037",2,7,"NI","R","NI","NI","NI","NI","R",0,7
"LL21-037 Day Failure","Lunda Sul",242,NA,NA,123,NA,NA,168,NA,NA,NA,NA,141,177,NA,NA,159,NA,NA,NA,NA,75,NA,NA,172,199,NA,NA,NA,"LL21-037",2,7,"NI","R","NI","NI","NI","NI","R",0,7
"LL21-038 Day 0","Lunda Sul",230,NA,NA,123,NA,NA,177,NA,NA,NA,NA,162,NA,NA,NA,162,171,NA,NA,NA,81,NA,NA,160,175,NA,NA,NA,"LL21-038",0,4,"NI","NI","IND","NI","IND","IND","NI",0,4
"LL21-038 Day Failure","Lunda Sul",234,NA,NA,135,NA,NA,NA,NA,NA,NA,NA,135,462,NA,NA,NA,NA,NA,NA,NA,NA,NA,NA,97,124,199,NA,NA,"LL21-038",0,4,"NI","NI","IND","NI","IND","IND","NI",0,4
"LL21-054 Day 0","Lunda Sul",264,NA,NA,131,NA,NA,171,NA,NA,NA,NA,159,NA,NA,NA,183,186,NA,NA,NA,84,NA,NA,196,NA,NA,NA,NA,"LL21-054",6,6,"R","R","R","R","R","IND","R",0.893333333333333,6
"LL21-054 Day Failure","Lunda Sul",264,NA,NA,131,NA,NA,171,NA,NA,NA,NA,159,NA,NA,NA,186,NA,NA,NA,NA,NA,NA,NA,124,199,223,NA,NA,"LL21-054",6,6,"R","R","R","R","R","IND","R",0.893333333333333,6
"LL21-061 Day 0","Lunda Sul",242,248,NA,141,NA,NA,165,168,NA,NA,NA,153,NA,NA,NA,168,171,186,NA,NA,81,NA,NA,160,172,175,NA,NA,"LL21-061",4,7,"R","NI","NI","NI","R","R","R",0.44,7
"LL21-061 Day Failure","Lunda Sul",242,NA,NA,137,NA,NA,174,NA,NA,NA,NA,147,NA,NA,NA,186,NA,NA,NA,NA,81,NA,NA,172,NA,NA,NA,NA,"LL21-061",4,7,"R","NI","NI","NI","R","R","R",0.44,7
"LL21-077 Day 0","Lunda Sul",224,236,NA,123,143,NA,165,NA,NA,NA,NA,153,183,NA,NA,165,186,NA,NA,NA,81,NA,NA,163,172,NA,NA,NA,"LL21-077",6,6,"R","R","IND","R","R","R","R",0.656666666666667,6
"LL21-077 Day Failure","Lunda Sul",236,NA,NA,143,NA,NA,NA,NA,NA,NA,NA,153,NA,NA,NA,186,NA,NA,NA,NA,78,NA,NA,109,124,163,184,199,"LL21-077",6,6,"R","R","IND","R","R","R","R",0.656666666666667,6
"LL21-083 Day 0","Lunda Sul",236,NA,NA,123,NA,NA,165,NA,NA,NA,NA,171,NA,NA,NA,165,NA,NA,NA,NA,81,NA,NA,148,NA,NA,NA,NA,"LL21-083",1,5,"NI","R","IND","NI","NI","IND","NI",0,5
"LL21-083 Day Failure","Lunda Sul",218,244,NA,123,NA,NA,NA,NA,NA,NA,NA,192,210,NA,NA,213,NA,NA,NA,NA,NA,NA,NA,124,133,199,NA,NA,"LL21-083",1,5,"NI","R","IND","NI","NI","IND","NI",0,5
"LL21-084 Day 0","Lunda Sul",244,NA,NA,147,NA,NA,159,NA,NA,NA,NA,153,NA,NA,NA,174,NA,NA,NA,NA,81,NA,NA,184,NA,NA,NA,NA,"LL21-084",0,4,"IND","NI","IND","NI","NI","IND","NI",0,4
"LL21-084 Day Failure","Lunda Sul",NA,NA,NA,181,NA,NA,NA,NA,NA,NA,NA,138,NA,NA,NA,168,NA,NA,NA,NA,NA,NA,NA,124,199,NA,NA,NA,"LL21-084",0,4,"IND","NI","IND","NI","NI","IND","NI",0,4
"LL21-086 Day 0","Lunda Sul",238,NA,NA,131,139,NA,177,NA,NA,NA,NA,150,165,NA,NA,168,189,NA,NA,NA,81,84,NA,163,184,NA,NA,NA,"LL21-086",4,7,"NI","R","NI","R","R","R","NI",0,7
"LL21-086 Day Failure","Lunda Sul",232,NA,NA,125,141,NA,171,NA,NA,NA,NA,165,NA,NA,NA,186,NA,NA,NA,NA,81,NA,NA,124,175,NA,NA,NA,"LL21-086",4,7,"NI","R","NI","R","R","R","NI",0,7
"LL21-089 Day 0","Lunda Sul",254,NA,NA,123,NA,NA,159,165,NA,NA,NA,159,NA,NA,NA,177,186,NA,NA,NA,81,NA,NA,160,178,NA,NA,NA,"LL21-089",7,7,"R","R","R","R","R","R","R",0.996666666666667,7
"LL21-089 Day Failure","Lunda Sul",254,NA,NA,125,NA,NA,159,NA,NA,NA,NA,159,NA,NA,NA,186,NA,NA,NA,NA,81,NA,NA,178,NA,NA,NA,NA,"LL21-089",7,7,"R","R","R","R","R","R","R",0.996666666666667,7
"LL21-094 Day 0","Lunda Sul",218,222,NA,143,NA,NA,159,165,NA,NA,NA,144,150,153,177,165,168,174,NA,NA,78,81,NA,163,175,NA,NA,NA,"LL21-094",5,7,"NI","NI","R","R","R","R","R",0.5,7
"LL21-094 Day Failure","Lunda Sul",258,NA,NA,163,NA,NA,162,NA,NA,NA,NA,150,228,NA,NA,165,NA,NA,NA,NA,78,NA,NA,121,175,199,NA,NA,"LL21-094",5,7,"NI","NI","R","R","R","R","R",0.5,7
"ZL21-203 Day 0","Zaire",240,246,NA,173,NA,NA,168,171,NA,NA,NA,159,180,NA,NA,165,171,NA,NA,NA,81,NA,NA,172,178,NA,NA,NA,"ZL21-203",7,7,"R","R","R","R","R","R","R",1,7
"ZL21-203 Day Failure","Zaire",240,NA,NA,159,173,NA,168,NA,NA,NA,NA,180,NA,NA,NA,171,NA,NA,NA,NA,81,NA,NA,172,178,199,NA,NA,"ZL21-203",7,7,"R","R","R","R","R","R","R",1,7
"ZL21-204 Day 0","Zaire",224,NA,NA,145,NA,NA,162,NA,NA,NA,NA,159,NA,NA,NA,165,NA,NA,NA,NA,78,NA,NA,175,NA,NA,NA,NA,"ZL21-204",1,7,"NI","R","NI","NI","NI","NI","NI",0,7
"ZL21-204 Day Failure","Zaire",234,NA,NA,143,NA,NA,195,NA,NA,NA,NA,102,NA,NA,NA,177,NA,NA,NA,NA,84,NA,NA,199,NA,NA,NA,NA,"ZL21-204",1,7,"NI","R","NI","NI","NI","NI","NI",0,7
"ZL21-209 Day 0","Zaire",248,NA,NA,123,135,NA,165,174,NA,NA,NA,144,153,162,NA,162,168,NA,NA,NA,75,84,NA,163,172,175,NA,NA,"ZL21-209",6,7,"NI","R","R","R","R","R","R",0.0366666666666667,7
"ZL21-209 Day Failure","Zaire",228,NA,NA,137,143,NA,162,180,183,NA,NA,150,168,NA,NA,168,189,NA,NA,NA,72,81,NA,172,184,NA,NA,NA,"ZL21-209",6,7,"NI","R","R","R","R","R","R",0.0366666666666667,7
"ZL21-218 Day 0","Zaire",252,NA,NA,123,NA,NA,183,NA,NA,NA,NA,156,NA,NA,NA,162,NA,NA,NA,NA,81,NA,NA,163,NA,NA,NA,NA,"ZL21-218",0,4,"IND","NI","IND","NI","NI","IND","NI",0,4
"ZL21-218 Day Failure","Zaire",NA,NA,NA,137,NA,NA,NA,NA,NA,NA,NA,135,NA,NA,NA,183,NA,NA,NA,NA,NA,NA,NA,133,199,NA,NA,NA,"ZL21-218",0,4,"IND","NI","IND","NI","NI","IND","NI",0,4
"ZL21-224 Day 0","Zaire",230,NA,NA,141,NA,NA,159,NA,NA,NA,NA,144,NA,NA,NA,165,NA,NA,NA,NA,81,NA,NA,175,NA,NA,NA,NA,"ZL21-224",2,7,"NI","NI","NI","R","NI","R","NI",0,7
"ZL21-224 Day Failure","Zaire",226,250,NA,171,NA,NA,168,183,NA,NA,NA,144,NA,NA,NA,159,NA,NA,NA,NA,81,NA,NA,160,199,NA,NA,NA,"ZL21-224",2,7,"NI","NI","NI","R","NI","R","NI",0,7
"ZL21-227 Day 0","Zaire",230,NA,NA,125,NA,NA,171,NA,NA,NA,NA,141,162,NA,NA,171,NA,NA,NA,NA,72,81,NA,172,175,NA,NA,NA,"ZL21-227",5,7,"R","R","R","NI","R","NI","R",0,7
"ZL21-227 Day Failure","Zaire",228,234,NA,123,NA,NA,168,NA,NA,NA,NA,156,NA,NA,NA,168,NA,NA,NA,NA,87,NA,NA,172,NA,NA,NA,NA,"ZL21-227",5,7,"R","R","R","NI","R","NI","R",0,7
"ZL21-229 Day 0","Zaire",246,NA,NA,137,NA,NA,162,NA,NA,NA,NA,159,NA,NA,NA,168,NA,NA,NA,NA,81,NA,NA,172,NA,NA,NA,NA,"ZL21-229",4,7,"NI","R","NI","NI","R","R","R",0,7
"ZL21-229 Day Failure","Zaire",226,256,NA,131,139,NA,126,NA,NA,NA,NA,186,NA,NA,NA,168,192,231,NA,NA,72,78,81,172,175,NA,NA,NA,"ZL21-229",4,7,"NI","R","NI","NI","R","R","R",0,7
"ZL21-233 Day 0","Zaire",234,NA,NA,147,NA,NA,177,NA,NA,NA,NA,141,144,NA,NA,186,NA,NA,NA,NA,72,NA,NA,160,175,NA,NA,NA,"ZL21-233",5,7,"R","R","NI","R","R","NI","R",0.316666666666667,7
"ZL21-233 Day Failure","Zaire",236,NA,NA,147,NA,NA,168,NA,NA,NA,NA,144,162,NA,NA,186,NA,NA,NA,NA,81,NA,NA,163,NA,NA,NA,NA,"ZL21-233",5,7,"R","R","NI","R","R","NI","R",0.316666666666667,7
"ZL21-236 Day 0","Zaire",246,NA,NA,145,NA,NA,159,NA,NA,NA,NA,180,NA,NA,NA,165,NA,NA,NA,NA,75,NA,NA,160,NA,NA,NA,NA,"ZL21-236",1,7,"NI","NI","NI","NI","R","NI","NI",0,7
"ZL21-236 Day Failure","Zaire",236,NA,NA,171,NA,NA,168,NA,NA,NA,NA,150,NA,NA,NA,162,NA,NA,NA,NA,81,NA,NA,175,NA,NA,NA,NA,"ZL21-236",1,7,"NI","NI","NI","NI","R","NI","NI",0,7
"ZL21-242 Day 0","Zaire",222,NA,NA,139,NA,NA,198,NA,NA,NA,NA,156,NA,NA,NA,168,189,NA,NA,NA,81,NA,NA,175,NA,NA,NA,NA,"ZL21-242",3,7,"NI","R","NI","R","R","NI","NI",0,7
"ZL21-242 Day Failure","Zaire",240,NA,NA,137,NA,NA,165,NA,NA,NA,NA,153,NA,NA,NA,132,168,NA,NA,NA,87,NA,NA,124,160,199,NA,NA,"ZL21-242",3,7,"NI","R","NI","R","R","NI","NI",0,7
"ZL21-245 Day 0","Zaire",228,234,NA,125,131,NA,162,165,183,NA,NA,156,159,177,NA,159,165,NA,NA,NA,78,81,NA,163,175,184,NA,NA,"ZL21-245",6,7,"R","NI","R","R","R","R","R",0.873333333333333,7
"ZL21-245 Day Failure","Zaire",234,NA,NA,151,NA,NA,165,NA,NA,NA,NA,159,NA,NA,NA,159,NA,NA,NA,NA,81,NA,NA,163,NA,NA,NA,NA,"ZL21-245",6,7,"R","NI","R","R","R","R","R",0.873333333333333,7
"ZL21-255 Day 0","Zaire",230,NA,NA,141,NA,NA,171,NA,NA,NA,NA,144,NA,NA,NA,168,NA,NA,NA,NA,87,NA,NA,163,NA,NA,NA,NA,"ZL21-255",3,7,"NI","NI","R","NI","R","NI","R",0,7
"ZL21-255 Day Failure","Zaire",236,NA,NA,137,NA,NA,165,174,NA,NA,NA,153,156,162,NA,165,186,NA,NA,NA,81,NA,NA,163,172,199,NA,NA,"ZL21-255",3,7,"NI","NI","R","NI","R","NI","R",0,7
"ZL21-260 Day 0","Zaire",218,226,238,123,137,NA,159,162,165,168,171,150,153,171,NA,165,168,189,NA,NA,81,84,NA,175,184,199,NA,NA,"ZL21-260",7,7,"R","R","R","R","R","R","R",0.806666666666667,7
"ZL21-260 Day Failure","Zaire",226,238,NA,123,NA,NA,141,174,NA,NA,NA,153,NA,NA,NA,165,171,NA,NA,NA,81,NA,NA,175,196,199,NA,NA,"ZL21-260",7,7,"R","R","R","R","R","R","R",0.806666666666667,7
"ZL21-262 Day 0","Zaire",248,NA,NA,163,NA,NA,168,NA,NA,NA,NA,150,NA,NA,NA,168,NA,NA,NA,NA,81,NA,NA,187,NA,NA,NA,NA,"ZL21-262",7,7,"R","R","R","R","R","R","R",1,7
"ZL21-262 Day Failure","Zaire",248,NA,NA,163,195,NA,168,NA,NA,NA,NA,150,NA,NA,NA,168,NA,NA,NA,NA,81,NA,NA,187,NA,NA,NA,NA,"ZL21-262",7,7,"R","R","R","R","R","R","R",1,7
"ZL21-263 Day 0","Zaire",234,254,NA,133,NA,NA,177,183,NA,NA,NA,153,156,NA,NA,162,183,NA,NA,NA,78,87,NA,160,172,NA,NA,NA,"ZL21-263",7,7,"R","R","R","R","R","R","R",1,7
"ZL21-263 Day Failure","Zaire",234,254,NA,133,NA,NA,177,NA,NA,NA,NA,153,NA,NA,NA,162,NA,NA,NA,NA,78,NA,NA,160,NA,NA,NA,NA,"ZL21-263",7,7,"R","R","R","R","R","R","R",1,7
"ZL21-264 Day 0","Zaire",252,NA,NA,125,NA,NA,165,NA,NA,NA,NA,150,NA,NA,NA,180,NA,NA,NA,NA,87,NA,NA,175,NA,NA,NA,NA,"ZL21-264",2,7,"NI","NI","R","NI","NI","NI","R",0,7
"ZL21-264 Day Failure","Zaire",224,NA,NA,145,NA,NA,168,NA,NA,NA,NA,102,NA,NA,NA,159,NA,NA,NA,NA,78,NA,NA,172,NA,NA,NA,NA,"ZL21-264",2,7,"NI","NI","R","NI","NI","NI","R",0,7
"ZL21-269 Day 0","Zaire",250,NA,NA,135,NA,NA,168,NA,NA,NA,NA,159,NA,NA,NA,171,183,NA,NA,NA,78,81,NA,172,NA,NA,NA,NA,"ZL21-269",7,7,"R","R","R","R","R","R","R",1,7
"ZL21-269 Day Failure","Zaire",210,250,NA,135,NA,NA,168,NA,NA,NA,NA,150,159,NA,NA,171,183,NA,NA,NA,78,81,NA,172,NA,NA,NA,NA,"ZL21-269",7,7,"R","R","R","R","R","R","R",1,7
"ZL21-287 Day 0","Zaire",244,NA,NA,123,NA,NA,177,NA,NA,NA,NA,147,NA,NA,NA,186,NA,NA,NA,NA,81,NA,NA,184,NA,NA,NA,NA,"ZL21-287",7,7,"R","R","R","R","R","R","R",1,7
"ZL21-287 Day Failure","Zaire",244,NA,NA,123,NA,NA,177,NA,NA,NA,NA,147,NA,NA,NA,186,NA,NA,NA,NA,81,NA,NA,184,NA,NA,NA,NA,"ZL21-287",7,7,"R","R","R","R","R","R","R",1,7
"ZL21-289 Day 0","Zaire",210,NA,NA,125,139,NA,171,174,NA,NA,NA,144,150,162,177,165,171,177,NA,NA,78,81,87,160,163,NA,NA,NA,"ZL21-289",3,7,"NI","NI","NI","R","R","R","NI",0.206666666666667,7
"ZL21-289 Day Failure","Zaire",254,NA,NA,173,NA,NA,159,NA,NA,NA,NA,150,NA,NA,NA,165,NA,NA,NA,NA,78,NA,NA,172,199,NA,NA,NA,"ZL21-289",3,7,"NI","NI","NI","R","R","R","NI",0.206666666666667,7
"ZL21-291 Day 0","Zaire",246,NA,NA,123,151,NA,159,NA,NA,NA,NA,159,162,NA,NA,168,174,NA,NA,NA,81,84,NA,172,181,NA,NA,NA,"ZL21-291",4,7,"R","NI","NI","R","R","NI","R",0,7
"ZL21-291 Day Failure","Zaire",248,NA,NA,163,NA,NA,180,NA,NA,NA,NA,165,NA,NA,NA,168,NA,NA,NA,NA,72,NA,NA,175,NA,NA,NA,NA,"ZL21-291",4,7,"R","NI","NI","R","R","NI","R",0,7
"ZL21-292 Day 0","Zaire",244,NA,NA,139,NA,NA,174,NA,NA,NA,NA,174,NA,NA,NA,162,NA,NA,NA,NA,78,NA,NA,175,NA,NA,NA,NA,"ZL21-292",7,7,"R","R","R","R","R","R","R",1,7
"ZL21-292 Day Failure","Zaire",244,NA,NA,141,NA,NA,174,NA,NA,NA,NA,174,NA,NA,NA,162,NA,NA,NA,NA,78,NA,NA,175,NA,NA,NA,NA,"ZL21-292",7,7,"R","R","R","R","R","R","R",1,7
"ZL21-304 Day 0","Zaire",218,232,NA,141,151,NA,138,168,NA,NA,NA,153,156,162,NA,159,162,177,186,NA,78,81,84,163,175,NA,NA,NA,"ZL21-304",7,7,"R","R","R","R","R","R","R",0.996666666666667,7
"ZL21-304 Day Failure","Zaire",218,NA,NA,139,151,NA,138,168,NA,NA,NA,156,162,NA,NA,159,177,NA,NA,NA,78,81,NA,175,199,NA,NA,NA,"ZL21-304",7,7,"R","R","R","R","R","R","R",0.996666666666667,7
"ZQ21-000 Day 0","Zaire",236,NA,NA,137,NA,NA,174,NA,NA,NA,NA,156,NA,NA,NA,174,NA,NA,NA,NA,81,NA,NA,184,NA,NA,NA,NA,"ZQ21-000",3,7,"NI","R","NI","NI","NI","R","R",0,7
"ZQ21-000 Day Failure","Zaire",246,NA,NA,137,NA,NA,168,NA,NA,NA,NA,138,NA,NA,NA,159,NA,NA,NA,NA,78,NA,NA,184,NA,NA,NA,NA,"ZQ21-000",3,7,"NI","R","NI","NI","NI","R","R",0,7
"ZQ21-001 Day 0","Zaire",236,NA,NA,137,NA,NA,174,NA,NA,NA,NA,156,NA,NA,NA,174,NA,NA,NA,NA,81,NA,NA,184,NA,NA,NA,NA,"ZQ21-001",5,7,"NI","R","R","R","NI","R","R",0,7
"ZQ21-001 Day Failure","Zaire",232,246,NA,137,NA,NA,168,171,NA,NA,NA,138,141,159,NA,159,162,165,NA,NA,72,78,NA,175,184,NA,NA,NA,"ZQ21-001",5,7,"NI","R","R","R","NI","R","R",0,7
"ZQ21-029 Day 0","Zaire",240,NA,NA,143,NA,NA,177,NA,NA,NA,NA,141,NA,NA,NA,189,NA,NA,NA,NA,81,NA,NA,184,NA,NA,NA,NA,"ZQ21-029",2,7,"NI","NI","R","NI","NI","R","NI",0,7
"ZQ21-029 Day Failure","Zaire",232,NA,NA,137,NA,NA,153,177,NA,NA,NA,171,177,NA,NA,162,168,NA,NA,NA,81,NA,NA,160,NA,NA,NA,NA,"ZQ21-029",2,7,"NI","NI","R","NI","NI","R","NI",0,7
"ZQ21-030 Day 0","Zaire",238,248,256,141,NA,NA,171,NA,NA,NA,NA,162,171,177,NA,168,177,180,NA,NA,81,NA,NA,163,NA,NA,NA,NA,"ZQ21-030",7,7,"R","R","R","R","R","R","R",0.99,7
"ZQ21-030 Day Failure","Zaire",248,NA,NA,139,NA,NA,171,NA,NA,NA,NA,162,NA,NA,NA,180,NA,NA,NA,NA,81,NA,NA,163,NA,NA,NA,NA,"ZQ21-030",7,7,"R","R","R","R","R","R","R",0.99,7
"ZQ21-031 Day 0","Zaire",240,254,NA,139,NA,NA,162,177,NA,NA,NA,156,183,NA,NA,159,162,NA,NA,NA,81,NA,NA,163,172,NA,NA,NA,"ZQ21-031",5,7,"NI","NI","R","R","R","R","R",0,7
"ZQ21-031 Day Failure","Zaire",250,NA,NA,155,NA,NA,165,NA,NA,NA,NA,159,NA,NA,NA,159,NA,NA,NA,NA,81,NA,NA,172,NA,NA,NA,NA,"ZQ21-031",5,7,"NI","NI","R","R","R","R","R",0,7
"ZQ21-042 Day 0","Zaire",216,NA,NA,143,NA,NA,171,NA,NA,NA,NA,147,NA,NA,NA,162,NA,NA,NA,NA,90,NA,NA,172,NA,NA,NA,NA,"ZQ21-042",7,7,"R","R","R","R","R","R","R",1,7
"ZQ21-042 Day Failure","Zaire",216,NA,NA,143,NA,NA,171,NA,NA,NA,NA,147,NA,NA,NA,162,NA,NA,NA,NA,90,NA,NA,172,NA,NA,NA,NA,"ZQ21-042",7,7,"R","R","R","R","R","R","R",1,7
"ZQ21-044 Day 0","Zaire",238,NA,NA,163,NA,NA,159,NA,NA,NA,NA,153,NA,NA,NA,186,NA,NA,NA,NA,81,NA,NA,175,NA,NA,NA,NA,"ZQ21-044",1,7,"NI","NI","NI","NI","NI","R","NI",0,7
"ZQ21-044 Day Failure","Zaire",232,NA,NA,139,NA,NA,180,NA,NA,NA,NA,135,NA,NA,NA,159,NA,NA,NA,NA,81,NA,NA,160,NA,NA,NA,NA,"ZQ21-044",1,7,"NI","NI","NI","NI","NI","R","NI",0,7
"ZQ21-046 Day 0","Zaire",242,NA,NA,141,147,NA,186,NA,NA,NA,NA,153,NA,NA,NA,189,NA,NA,NA,NA,81,NA,NA,160,NA,NA,NA,NA,"ZQ21-046",4,7,"NI","NI","R","R","NI","R","R",0,7
"ZQ21-046 Day Failure","Zaire",210,NA,NA,135,NA,NA,171,183,NA,NA,NA,153,162,NA,NA,156,159,165,NA,NA,78,NA,NA,163,NA,NA,NA,NA,"ZQ21-046",4,7,"NI","NI","R","R","NI","R","R",0,7
"ZQ21-048 Day 0","Zaire",230,NA,NA,149,NA,NA,177,NA,NA,NA,NA,150,NA,NA,NA,171,NA,NA,NA,NA,78,NA,NA,160,NA,NA,NA,NA,"ZQ21-048",3,7,"NI","R","NI","NI","NI","R","R",0,7
"ZQ21-048 Day Failure","Zaire",220,NA,NA,149,NA,NA,162,NA,NA,NA,NA,171,NA,NA,NA,165,NA,NA,NA,NA,81,NA,NA,163,NA,NA,NA,NA,"ZQ21-048",3,7,"NI","R","NI","NI","NI","R","R",0,7
"ZQ21-054 Day 0","Zaire",234,NA,NA,145,NA,NA,162,NA,NA,NA,NA,150,NA,NA,NA,168,NA,NA,NA,NA,78,NA,NA,163,NA,NA,NA,NA,"ZQ21-054",7,7,"R","R","R","R","R","R","R",1,7
"ZQ21-054 Day Failure","Zaire",234,NA,NA,145,NA,NA,162,NA,NA,NA,NA,150,NA,NA,NA,168,NA,NA,NA,NA,78,NA,NA,163,NA,NA,NA,NA,"ZQ21-054",7,7,"R","R","R","R","R","R","R",1,7
"ZQ21-070 Day 0","Zaire",220,NA,NA,125,NA,NA,159,NA,NA,NA,NA,156,NA,NA,NA,168,NA,NA,NA,NA,87,NA,NA,175,NA,NA,NA,NA,"ZQ21-070",2,7,"NI","NI","R","NI","NI","NI","R",0,7
"ZQ21-070 Day Failure","Zaire",230,NA,NA,139,NA,NA,162,NA,NA,NA,NA,171,NA,NA,NA,159,NA,NA,NA,NA,78,NA,NA,175,NA,NA,NA,NA,"ZQ21-070",2,7,"NI","NI","R","NI","NI","NI","R",0,7
"ZQ21-077 Day 0","Zaire",224,NA,NA,123,137,145,159,165,NA,NA,NA,147,159,NA,NA,171,186,NA,NA,NA,81,NA,NA,175,178,184,NA,NA,"ZQ21-077",7,7,"R","R","R","R","R","R","R",0.973333333333333,7
"ZQ21-077 Day Failure","Zaire",224,NA,NA,139,NA,NA,165,NA,NA,NA,NA,159,NA,NA,NA,186,NA,NA,NA,NA,81,NA,NA,178,NA,NA,NA,NA,"ZQ21-077",7,7,"R","R","R","R","R","R","R",0.973333333333333,7
"ZQ21-085 Day 0","Zaire",232,258,NA,125,137,NA,168,NA,NA,NA,NA,150,153,NA,NA,171,183,NA,NA,NA,81,NA,NA,160,172,184,NA,NA,"ZQ21-085",7,7,"R","R","R","R","R","R","R",0.416666666666667,7
"ZQ21-085 Day Failure","Zaire",208,234,NA,125,139,NA,162,168,NA,NA,NA,132,138,150,NA,171,NA,NA,NA,NA,81,NA,NA,175,181,NA,NA,NA,"ZQ21-085",7,7,"R","R","R","R","R","R","R",0.416666666666667,7
"ZQ21-092 Day 0","Zaire",236,NA,NA,123,NA,NA,165,NA,NA,NA,NA,156,NA,NA,NA,162,NA,NA,NA,NA,81,NA,NA,178,NA,NA,NA,NA,"ZQ21-092",2,7,"NI","NI","R","NI","NI","R","NI",0,7
"ZQ21-092 Day Failure","Zaire",230,NA,NA,147,NA,NA,162,NA,NA,NA,NA,150,NA,NA,NA,186,NA,NA,NA,NA,81,NA,NA,172,NA,NA,NA,NA,"ZQ21-092",2,7,"NI","NI","R","NI","NI","R","NI",0,7
"ZQ21-094 Day 0","Zaire",234,NA,NA,125,NA,NA,174,183,NA,NA,NA,159,165,NA,NA,165,168,NA,NA,NA,81,NA,NA,160,184,NA,NA,NA,"ZQ21-094",4,7,"NI","R","R","NI","R","R","NI",0,7
"ZQ21-094 Day Failure","Zaire",240,248,NA,123,143,NA,171,177,NA,NA,NA,153,NA,NA,NA,162,165,NA,NA,NA,78,81,NA,172,175,NA,NA,NA,"ZQ21-094",4,7,"NI","R","R","NI","R","R","NI",0,7
"ZQ21-103 Day 0","Zaire",226,238,256,133,139,NA,159,165,NA,NA,NA,150,156,NA,NA,168,171,186,189,192,72,78,81,160,163,172,175,184,"ZQ21-103",6,7,"R","R","NI","R","R","R","R",0.446666666666667,7
"ZQ21-103 Day Failure","Zaire",238,NA,NA,139,NA,NA,195,NA,NA,NA,NA,150,NA,NA,NA,171,NA,NA,NA,NA,78,NA,NA,184,NA,NA,NA,NA,"ZQ21-103",6,7,"R","R","NI","R","R","R","R",0.446666666666667,7
