"Sample.ID","Site","K1_1","K1_2","K1_3","K1_4","MAD20_1","MAD20_2","MAD20_3","R033_1","R033_2","R033_3","3D7_1","3D7_2","3D7_3","3D7_4","3D7_5","FC27_1","FC27_2","FC27_3","FC27_4","glurp_1","glurp_2","glurp_3","Number_Matches","Number_Loci_Compared","K1","MAD20","R033","3D7","FC27","glurp","Probability","N_Comparable_Loci"
"U01015_DP_UGTES2019 Day 0","A",182,219,254,NA,NA,NA,NA,150,NA,NA,177,346,NA,NA,NA,399,467,NA,NA,615,941,NA,0,1,"IND","IND","IND","NI","IND","IND",0.887111111111111,1
"U01015_DP_UGTES2019 recurrence","A",NA,NA,NA,NA,187,NA,NA,NA,NA,NA,333,NA,NA,NA,NA,NA,NA,NA,NA,NA,NA,NA,0,1,"IND","IND","IND","NI","IND","IND",0.887111111111111,1
"U01061_DP_UGTES2019 Day 0","A",182,219,249,NA,183,NA,NA,150,NA,NA,389,166,314,352,385,388,NA,NA,NA,903,NA,NA,2,6,"NI","NI","R","R","NI","NI",0.926222222222222,6
"U01061_DP_UGTES2019 recurrence","A",200,210,NA,NA,177,NA,NA,148,NA,NA,166,NA,NA,NA,NA,396,NA,NA,NA,988,NA,NA,2,6,"NI","NI","R","R","NI","NI",0.926222222222222,6
"U01067_DP_UGTES2019 Day 0","A",NA,NA,NA,NA,NA,NA,NA,147,184,213,NA,NA,NA,NA,NA,250,496,NA,NA,845,NA,NA,0,2,"IND","IND","IND","IND","NI","NI",0.869333333333333,2
"U01067_DP_UGTES2019 recurrence","A",210,247,NA,NA,NA,NA,NA,NA,NA,NA,315,464,NA,NA,NA,397,NA,NA,NA,871,NA,NA,0,2,"IND","IND","IND","IND","NI","NI",0.869333333333333,2
"U01081_DP_UGTES2019 Day 0","A",199,237,267,NA,NA,NA,NA,NA,NA,NA,303,NA,NA,NA,NA,NA,NA,NA,NA,796,NA,NA,0,3,"NI","IND","IND","NI","IND","NI",0.161777777777778,3
"U01081_DP_UGTES2019 recurrence","A",219,256,285,NA,172,211,240,NA,NA,NA,254,NA,NA,NA,NA,469,NA,NA,NA,728,945,NA,0,3,"NI","IND","IND","NI","IND","NI",0.161777777777778,3
"U01084_DP_UGTES2019 Day 0","A",265,298,331,NA,NA,NA,NA,NA,NA,NA,317,NA,NA,NA,NA,NA,NA,NA,NA,723,NA,NA,0,2,"NI","IND","IND","NI","IND","IND",0.0915555555555556,2
"U01084_DP_UGTES2019 recurrence","A",253,262,280,NA,NA,NA,NA,NA,NA,NA,276,371,NA,NA,NA,NA,NA,NA,NA,NA,NA,NA,0,2,"NI","IND","IND","NI","IND","IND",0.0915555555555556,2
"U01086_DP_UGTES2019 Day 0","A",217,255,NA,NA,NA,NA,NA,147,212,NA,270,NA,NA,NA,NA,430,NA,NA,NA,718,NA,NA,1,4,"NI","IND","R","NI","IND","NI",0.328,4
"U01086_DP_UGTES2019 recurrence","A",331,NA,NA,NA,NA,NA,NA,146,NA,NA,317,NA,NA,NA,NA,NA,NA,NA,NA,945,NA,NA,1,4,"NI","IND","R","NI","IND","NI",0.328,4
"U01097_DP_UGTES2019 Day 0","A",182,219,249,NA,NA,NA,NA,NA,NA,NA,293,227,NA,NA,NA,433,NA,NA,NA,716,NA,NA,0,3,"IND","IND","IND","NI","NI","NI",0.949333333333333,3
"U01097_DP_UGTES2019 recurrence","A",NA,NA,NA,NA,NA,NA,NA,NA,NA,NA,308,NA,NA,NA,NA,399,NA,NA,NA,791,NA,NA,0,3,"IND","IND","IND","NI","NI","NI",0.949333333333333,3
"U01103_DP_UGTES2019 Day 0","A",190,218,NA,NA,NA,NA,NA,NA,NA,NA,164,353,NA,NA,NA,431,NA,NA,NA,855,NA,NA,1,4,"R","IND","IND","NI","NI","NI",0.772444444444444,4
"U01103_DP_UGTES2019 recurrence","A",217,NA,NA,NA,177,NA,NA,146,NA,NA,373,NA,NA,NA,NA,398,436,494,NA,879,NA,NA,1,4,"R","IND","IND","NI","NI","NI",0.772444444444444,4
"U01125_DP_UGTES2019 Day 0","A",192,301,NA,NA,NA,NA,NA,146,NA,NA,257,421,NA,NA,NA,399,469,NA,NA,633,861,NA,0,2,"IND","IND","IND","NI","IND","NI",0.000888888888888889,2
"U01125_DP_UGTES2019 recurrence","A",NA,NA,NA,NA,NA,NA,NA,NA,NA,NA,211,NA,NA,NA,NA,NA,NA,NA,NA,734,NA,NA,0,2,"IND","IND","IND","NI","IND","NI",0.000888888888888889,2
"U01168_DP_UGTES2019 Day 0","A",219,238,NA,NA,NA,NA,NA,147,NA,NA,295,373,NA,NA,NA,399,468,NA,NA,493,869,NA,2,5,"R","IND","NI","NI","R","NI",0.0266666666666667,5
"U01168_DP_UGTES2019 recurrence","A",221,243,NA,NA,NA,NA,NA,153,NA,NA,299,377,NA,NA,NA,402,470,NA,NA,496,863,NA,2,5,"R","IND","NI","NI","R","NI",0.0266666666666667,5
"U01171_DP_UGTES2019 Day 0","A",190,NA,NA,NA,211,NA,NA,153,NA,NA,294,394,NA,NA,NA,398,NA,NA,NA,396,901,NA,0,2,"IND","IND","NI","NI","IND","IND",0.0248888888888889,2
"U01171_DP_UGTES2019 recurrence","A",NA,NA,NA,NA,NA,NA,NA,148,NA,NA,248,NA,NA,NA,NA,NA,NA,NA,NA,NA,NA,NA,0,2,"IND","IND","NI","NI","IND","IND",0.0248888888888889,2
"U02050_DP_UGTES2019 Day 0","B",226,NA,NA,NA,205,240,270,NA,NA,NA,430,NA,NA,NA,NA,248,NA,NA,NA,615,NA,NA,0,5,"NI","NI","IND","NI","NI","NI",0.696592592592593,5
"U02050_DP_UGTES2019 recurrence","B",252,281,NA,NA,209,218,NA,146,NA,NA,258,379,NA,NA,NA,396,NA,NA,NA,912,NA,NA,0,5,"NI","NI","IND","NI","NI","NI",0.696592592592593,5
"U02059_DP_UGTES2019 Day 0","B",NA,NA,NA,NA,NA,NA,NA,148,213,NA,323,NA,NA,NA,NA,NA,NA,NA,NA,854,NA,NA,0,3,"IND","IND","NI","NI","IND","NI",0.546666666666667,3
"U02059_DP_UGTES2019 recurrence","B",NA,NA,NA,NA,202,NA,NA,242,NA,NA,300,NA,NA,NA,NA,394,NA,NA,NA,881,NA,NA,0,3,"IND","IND","NI","NI","IND","NI",0.546666666666667,3
"U02077_DP_UGTES2019 Day 0","B",227,NA,NA,NA,NA,NA,NA,NA,NA,NA,284,361,NA,NA,NA,NA,NA,NA,NA,904,NA,NA,0,2,"NI","IND","IND","NI","IND","IND",0.354666666666667,2
"U02077_DP_UGTES2019 recurrence","B",283,NA,NA,NA,NA,NA,NA,NA,NA,NA,347,NA,NA,NA,NA,NA,NA,NA,NA,NA,NA,NA,0,2,"NI","IND","IND","NI","IND","IND",0.354666666666667,2
"U02094_DP_UGTES2019 Day 0","B",198,320,NA,NA,NA,NA,NA,148,NA,NA,288,329,NA,NA,NA,NA,NA,NA,NA,809,868,NA,2,3,"IND","IND","R","R","IND","NI",0.123555555555556,3
"U02094_DP_UGTES2019 recurrence","B",NA,NA,NA,NA,NA,NA,NA,149,NA,NA,288,NA,NA,NA,NA,398,NA,NA,NA,912,NA,NA,2,3,"IND","IND","R","R","IND","NI",0.123555555555556,3
"U02101_DP_UGTES2019 Day 0","B",165,202,258,NA,212,249,NA,150,219,NA,318,365,NA,NA,NA,412,NA,NA,NA,640,864,NA,0,2,"IND","NI","IND","NI","IND","IND",0.696296296296296,2
"U02101_DP_UGTES2019 recurrence","B",NA,NA,NA,NA,196,NA,NA,NA,NA,NA,420,NA,NA,NA,NA,NA,NA,NA,NA,NA,NA,NA,0,2,"IND","NI","IND","NI","IND","IND",0.696296296296296,2
"U02119_DP_UGTES2019 Day 0","B",163,NA,NA,NA,205,NA,NA,148,213,NA,257,367,NA,NA,NA,396,434,NA,NA,805,855,NA,0,2,"NI","IND","IND","NI","IND","IND",0.157037037037037,2
"U02119_DP_UGTES2019 recurrence","B",208,NA,NA,NA,NA,NA,NA,NA,NA,NA,341,NA,NA,NA,NA,NA,NA,NA,NA,NA,NA,NA,0,2,"NI","IND","IND","NI","IND","IND",0.157037037037037,2
"U02142_DP_UGTES2019 Day 0","B",225,NA,NA,NA,223,258,287,NA,NA,NA,382,NA,NA,NA,NA,432,NA,NA,NA,715,NA,NA,0,2,"IND","IND","IND","NI","NI","IND",0.727703703703704,2
"U02142_DP_UGTES2019 recurrence","B",NA,NA,NA,NA,NA,NA,NA,NA,NA,NA,434,NA,NA,NA,NA,400,437,470,NA,NA,NA,NA,0,2,"IND","IND","IND","NI","NI","IND",0.727703703703704,2
"U02148_DP_UGTES2019 Day 0","B",218,237,240,254,187,NA,NA,148,NA,NA,274,283,NA,NA,NA,369,396,433,NA,393,628,864,0,4,"NI","NI","IND","NI","NI","IND",0.872888888888889,4
"U02148_DP_UGTES2019 recurrence","B",184,NA,NA,NA,199,NA,NA,NA,NA,NA,312,350,NA,NA,NA,365,NA,NA,NA,NA,NA,NA,0,4,"NI","NI","IND","NI","NI","IND",0.872888888888889,4
"U02150_DP_UGTES2019 Day 0","B",173,226,NA,NA,186,NA,NA,145,NA,NA,261,NA,NA,NA,NA,433,NA,NA,NA,912,NA,NA,0,3,"NI","NI","IND","NI","IND","IND",0.272296296296296,3
"U02150_DP_UGTES2019 recurrence","B",220,NA,NA,NA,206,NA,NA,NA,NA,NA,266,NA,NA,NA,NA,NA,NA,NA,NA,NA,NA,NA,0,3,"NI","NI","IND","NI","IND","IND",0.272296296296296,3
"U02159_DP_UGTES2019 Day 0","B",215,NA,NA,NA,197,233,263,NA,NA,NA,249,NA,NA,NA,NA,434,NA,NA,NA,850,NA,NA,0,4,"NI","IND","IND","NI","NI","NI",0.908740740740741,4
"U02159_DP_UGTES2019 recurrence","B",219,NA,NA,NA,NA,NA,NA,NA,NA,NA,253,NA,NA,NA,NA,497,NA,NA,NA,819,NA,NA,0,4,"NI","IND","IND","NI","NI","NI",0.908740740740741,4
"U02189_DP_UGTES2019 Day 0","B",191,210,NA,NA,183,222,NA,150,220,NA,262,375,NA,NA,NA,402,508,NA,NA,862,NA,NA,0,4,"NI","IND","IND","NI","NI","NI",0,4
"U02189_DP_UGTES2019 recurrence","B",162,NA,NA,NA,NA,NA,NA,NA,NA,NA,247,NA,NA,NA,NA,367,NA,NA,NA,866,NA,NA,0,4,"NI","IND","IND","NI","NI","NI",0,4
"U02193_DP_UGTES2019 Day 0","B",190,262,NA,NA,206,242,272,148,213,NA,225,297,NA,NA,NA,396,437,NA,NA,806,862,NA,2,3,"R","R","IND","NI","IND","IND",0.852444444444444,3
"U02193_DP_UGTES2019 recurrence","B",190,218,225,NA,205,NA,NA,NA,NA,NA,282,NA,NA,NA,NA,NA,NA,NA,NA,NA,NA,NA,2,3,"R","R","IND","NI","IND","IND",0.852444444444444,3
"U02194_DP_UGTES2019 Day 0","B",216,NA,NA,NA,205,NA,NA,147,NA,NA,270,464,NA,NA,NA,NA,NA,NA,NA,856,NA,NA,1,5,"NI","NI","R","NI","IND","NI",0.728592592592593,5
"U02194_DP_UGTES2019 recurrence","B",198,235,256,270,213,NA,NA,146,229,NA,291,NA,NA,NA,NA,367,398,NA,NA,872,NA,NA,1,5,"NI","NI","R","NI","IND","NI",0.728592592592593,5
"U02202_DP_UGTES2019 Day 0","B",NA,NA,NA,NA,NA,NA,NA,147,NA,NA,NA,NA,NA,NA,NA,248,NA,NA,NA,805,NA,NA,0,1,"IND","IND","IND","IND","NI","IND",0.00918518518518519,1
"U02202_DP_UGTES2019 recurrence","B",183,273,NA,NA,186,NA,NA,NA,NA,NA,270,NA,NA,NA,NA,396,413,NA,NA,NA,NA,NA,0,1,"IND","IND","IND","IND","NI","IND",0.00918518518518519,1
"U02204_DP_UGTES2019 Day 0","B",199,NA,NA,NA,NA,NA,NA,NA,NA,NA,NA,NA,NA,NA,NA,401,464,NA,NA,863,NA,NA,0,2,"NI","IND","IND","IND","NI","IND",0.111703703703704,2
"U02204_DP_UGTES2019 recurrence","B",299,NA,NA,NA,209,NA,NA,NA,NA,NA,NA,NA,NA,NA,NA,398,NA,NA,NA,NA,NA,NA,0,2,"NI","IND","IND","IND","NI","IND",0.111703703703704,2
"U02214_DP_UGTES2019 Day 0","B",NA,NA,NA,NA,187,225,NA,NA,NA,NA,NA,NA,NA,NA,NA,329,NA,NA,NA,728,NA,NA,0,0,"IND","IND","IND","IND","IND","IND",0.666666666666667,0
"U02214_DP_UGTES2019 recurrence","B",208,NA,NA,NA,NA,NA,NA,NA,NA,NA,293,352,NA,NA,NA,NA,NA,NA,NA,NA,NA,NA,0,0,"IND","IND","IND","IND","IND","IND",0.666666666666667,0
"U02216_DP_UGTES2019 Day 0","B",266,299,333,NA,210,229,264,150,220,NA,270,340,NA,NA,NA,434,396,NA,NA,785,NA,NA,1,2,"NI","IND","IND","IND","R","IND",0.0607407407407407,2
"U02216_DP_UGTES2019 recurrence","B",180,199,NA,NA,NA,NA,NA,NA,NA,NA,NA,NA,NA,NA,NA,396,NA,NA,NA,NA,NA,NA,1,2,"NI","IND","IND","IND","R","IND",0.0607407407407407,2
"U02219_DP_UGTES2019 Day 0","B",331,394,NA,NA,227,NA,NA,147,NA,NA,376,456,NA,NA,NA,431,NA,NA,NA,718,NA,NA,0,4,"NI","IND","IND","NI","NI","NI",0.0604444444444444,4
"U02219_DP_UGTES2019 recurrence","B",180,NA,NA,NA,NA,NA,NA,NA,NA,NA,381,NA,NA,NA,NA,462,NA,NA,NA,867,NA,NA,0,4,"NI","IND","IND","NI","NI","NI",0.0604444444444444,4
"U02221_DP_UGTES2019 Day 0","B",189,227,256,NA,150,NA,NA,NA,NA,NA,284,NA,NA,NA,NA,390,NA,NA,NA,861,981,NA,0,5,"NI","NI","IND","NI","NI","NI",0.716444444444444,5
"U02221_DP_UGTES2019 recurrence","B",197,NA,NA,NA,159,NA,NA,NA,NA,NA,280,NA,NA,NA,NA,495,NA,NA,NA,620,NA,NA,0,5,"NI","NI","IND","NI","NI","NI",0.716444444444444,5
"U02226_DP_UGTES2019 Day 0","B",173,226,247,NA,223,NA,NA,147,NA,NA,277,359,NA,NA,NA,401,437,479,NA,496,862,NA,0,3,"NI","IND","IND","NI","NI","IND",0.00503703703703704,3
"U02226_DP_UGTES2019 recurrence","B",269,NA,NA,NA,NA,NA,NA,NA,NA,NA,293,NA,NA,NA,NA,392,NA,NA,NA,NA,NA,NA,0,3,"NI","IND","IND","NI","NI","IND",0.00503703703703704,3
"U03003_DP_UGTES2019 Day 0","C",181,255,263,NA,NA,NA,NA,145,NA,NA,253,NA,NA,NA,NA,463,NA,NA,NA,812,NA,NA,2,5,"R","IND","NI","R","NI","NI",0.965777777777778,5
"U03003_DP_UGTES2019 recurrence","C",199,262,NA,NA,NA,NA,NA,150,NA,NA,255,294,NA,NA,NA,397,469,NA,NA,874,828,NA,2,5,"R","IND","NI","R","NI","NI",0.965777777777778,5
"U03007_DP_UGTES2019 Day 0","C",251,NA,NA,NA,NA,NA,NA,NA,NA,NA,255,NA,NA,NA,NA,NA,NA,NA,NA,943,NA,NA,0,2,"NI","IND","IND","NI","IND","IND",0.00133333333333333,2
"U03007_DP_UGTES2019 recurrence","C",181,NA,NA,NA,NA,NA,NA,NA,NA,NA,165,367,NA,NA,NA,NA,NA,NA,NA,NA,NA,NA,0,2,"NI","IND","IND","NI","IND","IND",0.00133333333333333,2
"U03013_DP_UGTES2019 Day 0","C",201,239,268,NA,NA,NA,NA,NA,NA,NA,NA,NA,NA,NA,NA,497,397,NA,NA,783,NA,NA,1,3,"NI","IND","IND","IND","R","NI",0.252888888888889,3
"U03013_DP_UGTES2019 recurrence","C",244,278,308,NA,NA,NA,NA,NA,NA,NA,NA,NA,NA,NA,NA,397,NA,NA,NA,725,NA,NA,1,3,"NI","IND","IND","IND","R","NI",0.252888888888889,3
"U03014_DP_UGTES2019 Day 0","C",226,260,290,NA,NA,NA,NA,147,NA,NA,245,NA,NA,NA,NA,367,509,NA,NA,812,861,NA,2,4,"NI","IND","R","NI","R","IND",0.24,4
"U03014_DP_UGTES2019 recurrence","C",243,NA,NA,NA,178,NA,NA,147,NA,NA,278,NA,NA,NA,NA,366,NA,NA,NA,NA,NA,NA,2,4,"NI","IND","R","NI","R","IND",0.24,4
"U03031_DP_UGTES2019 Day 0","C",216,NA,NA,NA,NA,NA,NA,NA,NA,NA,292,NA,NA,NA,NA,394,NA,NA,NA,848,NA,NA,0,4,"NI","IND","IND","NI","NI","NI",0,4
"U03031_DP_UGTES2019 recurrence","C",225,NA,NA,NA,NA,NA,NA,NA,NA,NA,147,301,NA,NA,NA,430,NA,NA,NA,805,989,NA,0,4,"NI","IND","IND","NI","NI","NI",0,4
"U03064_DP_UGTES2019 Day 0","C",199,236,244,NA,NA,NA,NA,NA,NA,NA,295,337,NA,NA,NA,395,NA,NA,NA,859,NA,NA,1,3,"NI","IND","IND","NI","R","IND",0.592444444444444,3
"U03064_DP_UGTES2019 recurrence","C",188,NA,NA,NA,NA,NA,NA,NA,NA,NA,318,390,NA,NA,NA,394,NA,NA,NA,NA,NA,NA,1,3,"NI","IND","IND","NI","R","IND",0.592444444444444,3
"U03071_DP_UGTES2019 Day 0","C",172,NA,NA,NA,191,NA,NA,149,NA,NA,342,NA,NA,NA,NA,396,NA,NA,NA,727,1173,NA,1,3,"IND","NI","R","NI","IND","IND",0.947111111111111,3
"U03071_DP_UGTES2019 recurrence","C",NA,NA,NA,NA,196,NA,NA,147,NA,NA,323,NA,NA,NA,NA,NA,NA,NA,NA,NA,NA,NA,1,3,"IND","NI","R","NI","IND","IND",0.947111111111111,3
"U03080_DP_UGTES2019 Day 0","C",208,243,274,NA,NA,NA,NA,147,214,NA,338,NA,NA,NA,NA,431,NA,NA,NA,804,862,NA,1,3,"IND","IND","R","IND","NI","NI",0.903111111111111,3
"U03080_DP_UGTES2019 recurrence","C",NA,NA,NA,NA,NA,NA,NA,149,NA,NA,NA,NA,NA,NA,NA,367,NA,NA,NA,993,NA,NA,1,3,"IND","IND","R","IND","NI","NI",0.903111111111111,3
"U03082_DP_UGTES2019 Day 0","C",191,229,316,281,229,294,NA,NA,NA,NA,308,389,NA,NA,NA,398,NA,NA,NA,792,852,NA,0,4,"NI","IND","IND","NI","NI","NI",0.844,4
"U03082_DP_UGTES2019 recurrence","C",180,NA,NA,NA,NA,NA,NA,148,NA,NA,220,280,NA,NA,NA,366,NA,NA,NA,804,NA,NA,0,4,"NI","IND","IND","NI","NI","NI",0.844,4
"U03092_DP_UGTES2019 Day 0","C",199,225,231,243,201,248,NA,NA,NA,NA,237,304,NA,NA,NA,399,NA,NA,NA,849,NA,NA,0,2,"NI","IND","IND","IND","NI","IND",0.157333333333333,2
"U03092_DP_UGTES2019 recurrence","C",270,NA,NA,NA,NA,NA,NA,NA,NA,NA,NA,NA,NA,NA,NA,427,NA,NA,NA,NA,NA,NA,0,2,"NI","IND","IND","IND","NI","IND",0.157333333333333,2
"U03094_DP_UGTES2019 Day 0","C",206,NA,NA,NA,NA,NA,NA,NA,NA,NA,NA,NA,NA,NA,NA,394,NA,NA,NA,607,NA,NA,0,2,"NI","IND","IND","IND","IND","NI",0.000888888888888889,2
"U03094_DP_UGTES2019 recurrence","C",188,NA,NA,NA,NA,NA,NA,146,211,NA,298,NA,NA,NA,NA,NA,NA,NA,NA,617,857,NA,0,2,"NI","IND","IND","IND","IND","NI",0.000888888888888889,2
"U03097_DP_UGTES2019 Day 0","C",NA,NA,NA,NA,NA,NA,NA,148,183,212,168,318,NA,NA,NA,NA,NA,NA,NA,713,NA,NA,1,2,"IND","IND","R","NI","IND","IND",0.748888888888889,2
"U03097_DP_UGTES2019 recurrence","C",NA,NA,NA,NA,189,200,243,146,NA,NA,297,356,NA,NA,NA,425,NA,NA,NA,NA,NA,NA,1,2,"IND","IND","R","NI","IND","IND",0.748888888888889,2
"U03105_DP_UGTES2019 Day 0","C",180,218,247,NA,186,NA,NA,147,NA,NA,243,276,NA,NA,NA,398,NA,NA,NA,796,NA,NA,0,1,"IND","IND","IND","NI","IND","IND",0.844,1
"U03105_DP_UGTES2019 recurrence","C",NA,NA,NA,NA,NA,NA,NA,NA,NA,NA,303,NA,NA,NA,NA,NA,NA,NA,NA,NA,NA,NA,0,1,"IND","IND","IND","NI","IND","IND",0.844,1
"U03107_DP_UGTES2019 Day 0","C",NA,NA,NA,NA,NA,NA,NA,147,183,211,NA,NA,NA,NA,NA,365,NA,NA,NA,848,NA,NA,1,2,"IND","IND","R","IND","IND","NI",0.658666666666667,2
"U03107_DP_UGTES2019 recurrence","C",188,256,NA,NA,NA,NA,NA,145,NA,NA,NA,NA,NA,NA,NA,NA,NA,NA,NA,905,NA,NA,1,2,"IND","IND","R","IND","IND","NI",0.658666666666667,2
"U03110_DP_UGTES2019 Day 0","C",226,NA,NA,NA,191,NA,NA,146,NA,NA,271,353,419,NA,NA,396,NA,NA,NA,867,960,NA,1,4,"NI","NI","IND","R","IND","NI",0.934666666666667,4
"U03110_DP_UGTES2019 recurrence","C",216,NA,NA,NA,222,NA,NA,NA,NA,NA,247,291,297,417,NA,NA,NA,NA,NA,498,882,NA,1,4,"NI","NI","IND","R","IND","NI",0.934666666666667,4
"U03113_DP_UGTES2019 Day 0","C",243,276,306,NA,199,NA,NA,144,NA,NA,298,NA,NA,NA,NA,NA,NA,NA,NA,903,NA,NA,1,3,"NI","IND","IND","R","IND","NI",0.136444444444444,3
"U03113_DP_UGTES2019 recurrence","C",198,267,NA,NA,NA,NA,NA,NA,NA,NA,296,NA,NA,NA,NA,NA,NA,NA,NA,856,NA,NA,1,3,"NI","IND","IND","R","IND","NI",0.136444444444444,3
"U03120_DP_UGTES2019 Day 0","C",191,NA,NA,NA,NA,NA,NA,146,NA,NA,296,323,NA,NA,NA,394,NA,NA,NA,877,926,NA,0,2,"IND","IND","IND","NI","IND","NI",0.000888888888888889,2
"U03120_DP_UGTES2019 recurrence","C",NA,NA,NA,NA,NA,NA,NA,NA,NA,NA,470,NA,NA,NA,NA,NA,NA,NA,NA,936,NA,NA,0,2,"IND","IND","IND","NI","IND","NI",0.000888888888888889,2
"U03125_DP_UGTES2019 Day 0","C",207,226,246,NA,232,NA,NA,150,191,220,313,338,NA,NA,NA,364,403,469,NA,400,861,NA,0,6,"NI","NI","NI","NI","NI","NI",0.152888888888889,6
"U03125_DP_UGTES2019 recurrence","C",181,220,231,NA,181,227,250,147,NA,NA,300,342,NA,NA,NA,434,NA,NA,NA,857,896,NA,0,6,"NI","NI","NI","NI","NI","NI",0.152888888888889,6
"U03128_DP_UGTES2019 Day 0","C",217,254,273,NA,196,234,263,146,NA,NA,285,332,NA,NA,NA,392,NA,NA,NA,709,NA,NA,5,6,"R","R","R","R","R","NI",0.995111111111111,6
"U03128_DP_UGTES2019 recurrence","C",217,253,270,NA,195,232,NA,146,NA,NA,285,330,NA,NA,NA,393,NA,NA,NA,714,NA,NA,5,6,"R","R","R","R","R","NI",0.995111111111111,6
"U03146_DP_UGTES2019 Day 0","C",169,NA,NA,NA,177,NA,NA,146,183,211,341,359,NA,NA,NA,395,396,NA,NA,621,805,934,2,5,"NI","IND","R","NI","R","NI",0.880888888888889,5
"U03146_DP_UGTES2019 recurrence","C",215,NA,NA,NA,NA,NA,NA,145,211,NA,333,NA,NA,NA,NA,396,NA,NA,NA,929,NA,NA,2,5,"NI","IND","R","NI","R","NI",0.880888888888889,5
"U03163_DP_UGTES2019 Day 0","C",198,220,NA,NA,177,NA,NA,146,211,NA,282,NA,NA,NA,NA,430,NA,NA,NA,450,730,NA,1,3,"R","IND","IND","NI","IND","NI",0.646222222222222,3
"U03163_DP_UGTES2019 recurrence","C",196,NA,NA,NA,NA,NA,NA,NA,NA,NA,255,NA,NA,NA,NA,NA,NA,NA,NA,961,NA,NA,1,3,"R","IND","IND","NI","IND","NI",0.646222222222222,3
"U03165_DP_UGTES2019 Day 0","C",199,252,NA,NA,186,224,253,150,NA,NA,237,251,285,393,453,428,NA,NA,NA,817,NA,NA,1,6,"NI","NI","NI","R","NI","NI",0.965333333333333,6
"U03165_DP_UGTES2019 recurrence","C",243,284,NA,NA,196,NA,NA,146,NA,NA,251,NA,NA,NA,NA,397,NA,NA,NA,734,811,NA,1,6,"NI","NI","NI","R","NI","NI",0.965333333333333,6
"U03193_DP_UGTES2019 Day 0","C",190,NA,NA,NA,NA,NA,NA,NA,NA,NA,290,NA,NA,NA,NA,NA,NA,NA,NA,820,NA,NA,0,3,"NI","IND","IND","NI","IND","NI",0,3
"U03193_DP_UGTES2019 recurrence","C",184,NA,NA,NA,NA,NA,NA,NA,NA,NA,465,NA,NA,NA,NA,399,NA,NA,NA,824,NA,NA,0,3,"NI","IND","IND","NI","IND","NI",0,3
